{
    "20180202T113311_20180202T113314_T30VVJ": {
        "date_deb": 1517571194460,
        "date_end": 1517571194460,
        "geometry": [
            [
                -3.7161555256421925,
                57.10487686990405
            ],
            [
                -3.9139094318921934,
                56.91195047426779
            ],
            [
                -3.227263924079693,
                56.859433391982755
            ],
            [
                -2.9855647053296934,
                57.10487686990405
            ],
            [
                -3.7161555256421925,
                57.10487686990405
            ]
        ]
    },
    "20180205T114351_20180205T114345_T30VVJ": {
        "date_deb": 1517831025460,
        "date_end": 1517831025460,
        "geometry": [
            [
                -3.7161555256421925,
                57.10487686990405
            ],
            [
                -3.9139094318921934,
                56.91195047426779
            ],
            [
                -3.227263924079693,
                56.859433391982755
            ],
            [
                -2.9855647053296934,
                57.10487686990405
            ],
            [
                -3.7161555256421925,
                57.10487686990405
            ]
        ]
    }
}